Year;Month;Tavg;Sn;Pr;Date
1961;1;-26,4677419354838719;81,1935483870967687;21,9000000000000;1961-01-01
1961;2;-20,4928571428571438;96,1428571428571388;19,7000000000000;1961-02-01
1961;3;-6,5548387096774192;94,7419354838709609;8,4000000000000;1961-03-01
1961;4;-1,1899999999999999;68,7333333333333343;22,3000000000000;1961-04-01
1961;5;2,7032258064516128;23,2258064516129039;38,3000000000000;1961-05-01
1961;6;10,1833333333333336;0,0000000000000000;21,9000000000000;1961-06-01
1961;7;16,6548387096774206;0,0000000000000000;76,7000000000000;1961-07-01
1961;8;12,6967741935483875;0,0000000000000000;121,6000000000000;1961-08-01
1961;9;7,8399999999999999;0,0000000000000000;56,4000000000000;1961-09-01
1961;10;-7,8387096774193550;10,6451612903225801;14,2000000000000;1961-10-01
1961;11;-18,0733333333333341;31,4333333333333336;32,0000000000000;1961-11-01
1961;12;-24,6096774193548384;50,9354838709677438;23,9000000000000;1961-12-01
1962;1;-17,0064516129032270;75,4838709677419359;27,2000000000000;1962-01-01
1962;2;-16,4214285714285708;89,5000000000000000;21,5000000000000;1962-02-01
1962;3;-11,6935483870967740;90,0000000000000000;8,2000000000000;1962-03-01
1962;4;-3,7633333333333332;72,4000000000000057;27,1000000000000;1962-04-01
1962;5;4,6677419354838712;13,3548387096774199;29,3000000000000;1962-05-01
1962;6;13,7900000000000009;0,0000000000000000;90,2000000000000;1962-06-01
1962;7;18,6290322580645160;0,0000000000000000;90,5000000000000;1962-07-01
1962;8;13,9774193548387089;0,0000000000000000;54,6000000000000;1962-08-01
1962;9;7,8799999999999999;0,0000000000000000;44,7000000000000;1962-09-01
1962;10;-4,3935483870967742;2,9354838709677420;29,3000000000000;1962-10-01
1962;11;-18,0966666666666676;36,5000000000000000;34,3000000000000;1962-11-01
1962;12;-20,6322580645161295;67,2580645161290391;37,4000000000000;1962-12-01
1963;1;-22,5838709677419338;80,4193548387096797;16,3000000000000;1963-01-01
1963;2;-15,0714285714285712;94,0357142857142918;19,0000000000000;1963-02-01
1963;3;-13,3177419354838715;93,7741935483871032;15,3000000000000;1963-03-01
1963;4;-7,2566666666666668;91,5666666666666629;13,5000000000000;1963-04-01
1963;5;2,2935483870967741;22,6451612903225801;34,8000000000000;1963-05-01
1963;6;11,5433333333333330;0,0000000000000000;64,7000000000000;1963-06-01
1963;7;16,8064516129032242;0,0000000000000000;43,4000000000000;1963-07-01
1963;8;13,6225806451612907;0,0000000000000000;40,9000000000000;1963-08-01
1963;9;6,9466666666666663;0,0000000000000000;89,6000000000000;1963-09-01
1963;10;-0,2258064516129032;1,6774193548387097;21,1000000000000;1963-10-01
1963;11;-13,9700000000000006;23,5000000000000000;36,3000000000000;1963-11-01
1963;12;-23,2612903225806456;63,0967741935483843;41,7000000000000;1963-12-01
1964;1;-17,5354838709677416;77,1612903225806406;26,8000000000000;1964-01-01
1964;2;-24,6620689655172427;80,2068965517241423;3,4000000000000;1964-02-01
1964;3;-20,2645161290322591;84,3548387096774235;8,3000000000000;1964-03-01
1964;4;-8,3333333333333339;75,8666666666666600;3,2000000000000;1964-04-01
1964;5;2,8612903225806452;13,6774193548387100;11,1000000000000;1964-05-01
1964;6;11,7066666666666670;0,0000000000000000;77,5000000000000;1964-06-01
1964;7;18,5451612903225822;0,0000000000000000;52,0000000000000;1964-07-01
1964;8;15,4000000000000004;0,0000000000000000;19,9000000000000;1964-08-01
1964;9;8,9833333333333343;0,0000000000000000;36,2000000000000;1964-09-01
1964;10;-5,0548387096774192;6,4516129032258061;16,0000000000000;1964-10-01
1964;11;-16,8799999999999990;36,9333333333333300;32,0000000000000;1964-11-01
1964;12;-22,8838709677419345;55,1612903225806477;25,0000000000000;1964-12-01
1965;1;-21,3500000000000014;68,5000000000000000;12,4000000000000;1965-01-01
1965;2;-24,5714285714285730;78,5000000000000000;9,2000000000000;1965-02-01
1965;3;-9,7467741935483865;85,8064516129032313;18,1000000000000;1965-03-01
1965;4;-4,9950000000000001;73,8333333333333286;8,8000000000000;1965-04-01
1965;5;3,7677419354838708;22,8548387096774199;53,8000000000000;1965-05-01
1965;6;10,4183333333333330;0,0000000000000000;69,8000000000000;1965-06-01
1965;7;18,7451612903225815;0,0000000000000000;94,0000000000000;1965-07-01
1965;8;14,2806451612903231;0,0000000000000000;71,7000000000000;1965-08-01
1965;9;5,7300000000000004;0,0000000000000000;42,5000000000000;1965-09-01
1965;10;-0,9258064516129032;2,5483870967741935;29,9000000000000;1965-10-01
1965;11;-22,5500000000000007;10,7333333333333325;33,4000000000000;1965-11-01
1965;12;-26,0322580645161281;24,5161290322580641;27,1000000000000;1965-12-01
1966;1;-29,7322580645161274;28,5161290322580641;24,8000000000000;1966-01-01
1966;2;-31,0392857142857146;28,3928571428571423;20,3000000000000;1966-02-01
1966;3;-17,8870967741935480;29,2903225806451601;10,9000000000000;1966-03-01
1966;4;-9,7333333333333325;35,1333333333333329;27,7000000000000;1966-04-01
1966;5;-0,0870967741935484;1,1774193548387097;46,3000000000000;1966-05-01
1966;6;13,3000000000000007;0,0000000000000000;97,8000000000000;1966-06-01
1966;7;16,1000000000000014;0,0000000000000000;80,0000000000000;1966-07-01
1966;8;13,9000000000000004;0,0000000000000000;43,4000000000000;1966-08-01
1966;9;9,9000000000000004;0,0000000000000000;64,6000000000000;1966-09-01
1966;10;-6,5209677419354835;5,7258064516129030;73,2000000000000;1966-10-01
1966;11;-21,4100000000000001;51,0666666666666700;63,5000000000000;1966-11-01
1966;12;-28,5354838709677416;74,7741935483871032;27,0000000000000;1966-12-01
1967;1;-23,6000000000000014;76,5806451612903203;22,5000000000000;1967-01-01
1967;2;-23,7857142857142847;72,2500000000000000;13,5000000000000;1967-02-01
1967;3;-9,2645161290322573;79,4838709677419359;24,6500000000000;1967-03-01
1967;4;-4,4900000000000002;60,5000000000000000;9,8000000000000;1967-04-01
1967;5;-0,2483870967741936;0,3387096774193548;46,5000000000000;1967-05-01
1967;6;14,4000000000000004;0,0333333333333333;23,2000000000000;1967-06-01
1967;7;21,6999999999999993;0,0000000000000000;34,9000000000000;1967-07-01
1967;8;12,5000000000000000;0,0000000000000000;12,7000000000000;1967-08-01
1967;9;6,4000000000000004;0,0000000000000000;38,1500000000000;1967-09-01
1967;10;-0,4451612903225807;0,3225806451612903;46,4500000000000;1967-10-01
1967;11;-17,1383333333333319;9,0999999999999996;18,1000000000000;1967-11-01
1967;12;-17,1387096774193566;19,1935483870967758;24,5000000000000;1967-12-01
1968;1;-29,8096774193548377;39,1612903225806477;23,3000000000000;1968-01-01
1968;2;-19,3206896551724121;40,6896551724137936;22,0000000000000;1968-02-01
1968;3;-6,3387096774193550;34,9032258064516157;25,0000000000000;1968-03-01
1968;4;-4,8333333333333330;14,1166666666666671;29,4500000000000;1968-04-01
1968;5;-0,4483870967741936;0,2258064516129032;54,3000000000000;1968-05-01
1968;6;10,8000000000000007;0,0333333333333333;63,4000000000000;1968-06-01
1968;7;18,8999999999999986;0,0000000000000000;49,4000000000000;1968-07-01
1968;8;12,1999999999999993;0,0000000000000000;59,7333333333333;1968-08-01
1968;9;3,2000000000000002;0,8666666666666667;41,3666666666667;1968-09-01
1968;10;-3,3870967741935485;4,8709677419354840;31,8500000000000;1968-10-01
1968;11;-27,8500000000000014;12,6666666666666661;32,0000000000000;1968-11-01
1968;12;-34,0193548387096740;15,0322580645161299;18,3000000000000;1968-12-01
1969;1;-35,0870967741935473;28,2903225806451601;25,5000000000000;1969-01-01
1969;2;-36,4821428571428541;24,6071428571428577;10,6500000000000;1969-02-01
1969;3;-15,7580645161290320;37,7096774193548399;21,5000000000000;1969-03-01
1969;4;-7,7900000000000000;27,7666666666666657;24,8000000000000;1969-04-01
1969;5;-1,1370967741935485;20,6129032258064520;54,1000000000000;1969-05-01
1969;6;12,9000000000000004;0,0000000000000000;65,4000000000000;1969-06-01
1969;7;21,1000000000000014;0,0000000000000000;41,5000000000000;1969-07-01
1969;8;12,8000000000000007;0,0000000000000000;102,5000000000000;1969-08-01
1969;9;5,4000000000000004;0,0000000000000000;61,9000000000000;1969-09-01
1969;10;-5,8258064516129036;8,5000000000000000;32,9500000000000;1969-10-01
1969;11;-9,6233333333333331;21,6000000000000014;37,8000000000000;1969-11-01
1969;12;-23,2161290322580633;33,4838709677419359;22,8500000000000;1969-12-01
1970;1;-26,6645161290322577;36,6774193548387117;24,4000000000000;1970-01-01
1970;2;-23,4214285714285708;41,2857142857142847;34,0000000000000;1970-02-01
1970;3;-15,4129032258064509;41,8709677419354804;1,0000000000000;1970-03-01
1970;4;-4,8200000000000003;32,3833333333333329;49,2000000000000;1970-04-01
1970;5;-1,6677419354838710;19,3870967741935480;36,8000000000000;1970-05-01
1970;6;11,5000000000000000;0,0000000000000000;54,5000000000000;1970-06-01
1970;7;17,8999999999999986;0,0000000000000000;28,5000000000000;1970-07-01
1970;8;11,5999999999999996;0,0000000000000000;92,8500000000000;1970-08-01
1970;9;7,5999999999999996;0,0000000000000000;34,6000000000000;1970-09-01
1970;10;-5,5354838709677416;12,0322580645161299;43,4000000000000;1970-10-01
1970;11;-16,4683333333333337;19,7666666666666657;44,2000000000000;1970-11-01
1970;12;-22,9532258064516128;25,3225806451612918;24,0000000000000;1970-12-01
1971;1;-21,8370967741935473;27,7419354838709680;39,6500000000000;1971-01-01
1971;2;-30,5142857142857125;40,2857142857142847;1,9000000000000;1971-02-01
1971;3;-17,7387096774193544;45,8709677419354804;32,5000000000000;1971-03-01
1971;4;-5,8233333333333333;40,7000000000000028;26,7000000000000;1971-04-01
1971;5;0,4322580645161290;2,6612903225806450;62,7000000000000;1971-05-01
1971;6;15,6999999999999993;0,0000000000000000;36,6000000000000;1971-06-01
1971;7;15,5999999999999996;0,0000000000000000;44,4000000000000;1971-07-01
1971;8;15,1999999999999993;0,0000000000000000;47,7000000000000;1971-08-01
1971;9;7,0000000000000000;0,0000000000000000;96,8500000000000;1971-09-01
1971;10;-2,7161290322580647;1,1935483870967742;49,3000000000000;1971-10-01
1971;11;-9,6950000000000003;7,6333333333333337;28,8500000000000;1971-11-01
1971;12;-23,1854838709677402;19,9677419354838719;22,7000000000000;1971-12-01
1972;1;-31,9080645161290306;29,5483870967741922;16,4500000000000;1972-01-01
1972;2;-23,8172413793103459;30,1034482758620676;22,0000000000000;1972-02-01
1972;3;-15,2129032258064516;24,6451612903225801;13,3000000000000;1972-03-01
1972;4;-3,8933333333333335;11,5000000000000000;37,8500000000000;1972-04-01
1972;5;-1,1209677419354840;0,2258064516129032;53,1000000000000;1972-05-01
1972;6;15,5999999999999996;0,0000000000000000;24,4500000000000;1972-06-01
1972;7;16,3000000000000007;0,0000000000000000;36,6000000000000;1972-07-01
1972;8;13,4000000000000004;0,0000000000000000;53,4000000000000;1972-08-01
1972;9;4,0999999999999996;0,0000000000000000;82,8000000000000;1972-09-01
1972;10;-4,4451612903225808;6,5483870967741939;56,1000000000000;1972-10-01
1972;11;-19,5566666666666684;27,1000000000000014;42,1000000000000;1972-11-01
1972;12;-26,3322580645161288;43,5161290322580641;33,3500000000000;1972-12-01
1973;1;-25,6177419354838705;38,7096774193548399;31,4500000000000;1973-01-01
1973;2;-20,8696428571428569;43,6071428571428541;17,7500000000000;1973-02-01
1973;3;-11,9387096774193555;48,5483870967741922;16,9000000000000;1973-03-01
1973;4;-4,3499999999999996;42,7999999999999972;31,3000000000000;1973-04-01
1973;5;-1,1741935483870967;13,7096774193548381;21,4000000000000;1973-05-01
1973;6;12,5999999999999996;0,0000000000000000;45,6500000000000;1973-06-01
1973;7;17,3999999999999986;0,0000000000000000;82,4500000000000;1973-07-01
1973;8;16,0000000000000000;0,0000000000000000;41,9000000000000;1973-08-01
1973;9;8,4000000000000004;0,0000000000000000;94,7500000000000;1973-09-01
1973;10;-3,2548387096774194;2,3225806451612905;45,2000000000000;1973-10-01
1973;11;-9,7216666666666658;20,8833333333333329;48,5000000000000;1973-11-01
1973;12;-15,9935483870967747;46,0645161290322562;45,3500000000000;1973-12-01
1974;1;-35,2741935483870961;52,1612903225806477;16,8000000000000;1974-01-01
1974;2;-30,3821428571428562;52,7500000000000000;13,0000000000000;1974-02-01
1974;3;-16,7129032258064534;55,0967741935483843;22,7000000000000;1974-03-01
1974;4;-4,6833333333333336;35,6499999999999986;23,1500000000000;1974-04-01
1974;5;-1,3661290322580646;0,9354838709677419;57,9500000000000;1974-05-01
1974;6;11,5999999999999996;0,0000000000000000;27,8000000000000;1974-06-01
1974;7;16,1000000000000014;0,0000000000000000;124,1000000000000;1974-07-01
1974;8;14,5999999999999996;0,0000000000000000;166,2000000000000;1974-08-01
1974;9;7,7000000000000002;0,0000000000000000;69,8000000000000;1974-09-01
1974;10;-9,0903225806451609;7,1612903225806450;71,6000000000000;1974-10-01
1974;11;-21,9833333333333343;30,6333333333333329;38,2500000000000;1974-11-01
1974;12;-21,0580645161290327;45,7096774193548399;32,9000000000000;1974-12-01
1975;1;-17,6548387096774206;59,9354838709677438;47,6000000000000;1975-01-01
1975;2;-19,2142857142857153;55,3928571428571459;19,8000000000000;1975-02-01
1975;3;-11,4032258064516121;57,2580645161290320;35,1500000000000;1975-03-01
1975;4;-4,3366666666666669;39,6666666666666643;35,9000000000000;1975-04-01
1975;5;-0,0935483870967742;7,4193548387096770;19,6500000000000;1975-05-01
1975;6;12,4000000000000004;0,0000000000000000;27,3000000000000;1975-06-01
1975;7;19,0000000000000000;0,0000000000000000;60,5000000000000;1975-07-01
1975;8;12,4000000000000004;0,0000000000000000;143,5000000000000;1975-08-01
1975;9;8,4000000000000004;0,0000000000000000;67,3500000000000;1975-09-01
1975;10;-3,6532258064516130;2,8548387096774195;53,0500000000000;1975-10-01
1975;11;-17,6733333333333320;7,6333333333333337;29,8000000000000;1975-11-01
1975;12;-22,0129032258064505;15,7419354838709680;23,7000000000000;1975-12-01
1976;1;-20,8645161290322569;20,0967741935483879;22,2000000000000;1976-01-01
1976;2;-23,7172413793103445;28,7241379310344840;23,9000000000000;1976-02-01
1976;3;-17,0516129032258057;30,3225806451612918;18,6000000000000;1976-03-01
1976;4;-3,7316666666666665;18,7833333333333350;23,1500000000000;1976-04-01
1976;5;0,0129032258064516;0,4193548387096774;35,8000000000000;1976-05-01
1976;6;16,3000000000000007;0,0000000000000000;31,4500000000000;1976-06-01
1976;7;18,6000000000000014;0,0000000000000000;99,3000000000000;1976-07-01
1976;8;12,8000000000000007;0,0000000000000000;82,8000000000000;1976-08-01
1976;9;6,9000000000000004;0,0000000000000000;71,7000000000000;1976-09-01
1976;10;-8,8322580645161288;1,2580645161290323;28,9000000000000;1976-10-01
1976;11;-14,7666666666666675;19,2666666666666657;45,0000000000000;1976-11-01
1976;12;-28,1354838709677431;45,0645161290322562;36,7000000000000;1976-12-01
1977;1;-30,5806451612903238;45,3870967741935516;13,8000000000000;1977-01-01
1977;2;-29,7749999999999986;43,4285714285714306;12,3000000000000;1977-02-01
1977;3;-15,6258064516129025;47,3225806451612883;38,5000000000000;1977-03-01
1977;4;-3,0966666666666667;47,9666666666666686;38,1000000000000;1977-04-01
1977;5;4,0774193548387094;2,7096774193548385;40,6000000000000;1977-05-01
1977;6;14,1400000000000006;0,0000000000000000;82,0000000000000;1977-06-01
1977;7;16,7709677419354826;0,0000000000000000;57,4000000000000;1977-07-01
1977;8;12,5129032258064523;0,0000000000000000;94,9000000000000;1977-08-01
1977;9;6,2166666666666668;0,2666666666666667;79,1000000000000;1977-09-01
1977;10;-7,1903225806451614;15,2258064516129039;88,3000000000000;1977-10-01
1977;11;-11,3499999999999996;45,5000000000000000;151,5000000000000;1977-11-01
1977;12;-24,6064516129032249;57,2903225806451601;21,8000000000000;1977-12-01
1978;1;-22,2258064516129039;57,6451612903225836;41,9000000000000;1978-01-01
1978;2;-20,4464285714285730;57,5000000000000000;25,5000000000000;1978-02-01
1978;3;-13,4451612903225808;52,9354838709677438;21,4000000000000;1978-03-01
1978;4;-5,1833333333333336;57,0000000000000000;35,6000000000000;1978-04-01
1978;5;2,6129032258064515;3,8709677419354840;27,0000000000000;1978-05-01
1978;6;12,2300000000000004;0,0000000000000000;96,5000000000000;1978-06-01
1978;7;18,5258064516129046;0,0000000000000000;48,4000000000000;1978-07-01
1978;8;12,1483870967741936;0,0000000000000000;105,4000000000000;1978-08-01
1978;9;5,8899999999999997;0,0000000000000000;80,1000000000000;1978-09-01
1978;10;0,0741935483870968;1,8064516129032258;38,3000000000000;1978-10-01
1978;11;-6,7466666666666670;7,5666666666666664;31,3000000000000;1978-11-01
1978;12;-21,7580645161290320;16,0645161290322598;43,6000000000000;1978-12-01
1979;1;-35,0258064516129011;23,5483870967741922;25,1000000000000;1979-01-01
1979;2;-29,3392857142857153;34,5714285714285694;29,6000000000000;1979-02-01
1979;3;-15,9935483870967747;50,2258064516129039;30,0000000000000;1979-03-01
1979;4;-6,0866666666666669;56,1666666666666643;18,8000000000000;1979-04-01
1979;5;1,9161290322580646;10,8709677419354840;42,0000000000000;1979-05-01
1979;6;15,0800000000000001;0,0000000000000000;54,7000000000000;1979-06-01
1979;7;18,8903225806451616;0,0000000000000000;52,7000000000000;1979-07-01
1979;8;12,6161290322580637;0,0000000000000000;112,1000000000000;1979-08-01
1979;9;8,0833333333333339;0,0000000000000000;65,7000000000000;1979-09-01
1979;10;-3,9096774193548387;9,0000000000000000;74,6000000000000;1979-10-01
1979;11;-15,2400000000000002;30,1999999999999993;39,6000000000000;1979-11-01
1979;12;-22,0419354838709687;52,6451612903225836;41,5000000000000;1979-12-01
1980;1;-26,3838709677419345;58,7419354838709680;21,3000000000000;1980-01-01
1980;2;-22,7724137931034498;61,4827586206896584;25,9000000000000;1980-02-01
1980;3;-17,6483870967741936;73,1935483870967687;13,0000000000000;1980-03-01
1980;4;-5,6666666666666670;66,0333333333333314;22,3000000000000;1980-04-01
1980;5;1,2870967741935484;13,5806451612903221;39,6000000000000;1980-05-01
1980;6;12,2266666666666666;0,0000000000000000;49,6000000000000;1980-06-01
1980;7;17,4870967741935495;0,0000000000000000;97,1000000000000;1980-07-01
1980;8;14,8064516129032260;0,0000000000000000;57,9000000000000;1980-08-01
1980;9;7,9733333333333336;0,0000000000000000;32,3000000000000;1980-09-01
1980;10;-1,6967741935483871;2,8709677419354840;33,4000000000000;1980-10-01
1980;11;-14,1866666666666674;17,5666666666666664;57,5000000000000;1980-11-01
1980;12;-20,6387096774193566;46,7096774193548399;53,7000000000000;1980-12-01
1981;1;-18,9645161290322584;50,3225806451612883;23,4000000000000;1981-01-01
1981;2;-20,0821428571428555;52,9285714285714306;26,4000000000000;1981-02-01
1981;3;-11,6838709677419352;48,8064516129032242;21,1000000000000;1981-03-01
1981;4;-1,8633333333333333;17,3000000000000007;35,0000000000000;1981-04-01
1981;5;2,8709677419354840;0,1290322580645161;54,3000000000000;1981-05-01
1981;6;13,8933333333333326;0,0000000000000000;61,9000000000000;1981-06-01
1981;7;16,8322580645161288;0,0000000000000000;55,0000000000000;1981-07-01
1981;8;15,7451612903225797;0,0000000000000000;14,9000000000000;1981-08-01
1981;9;6,3266666666666662;0,6666666666666666;65,2000000000000;1981-09-01
1981;10;-7,1548387096774198;2,6129032258064515;35,9000000000000;1981-10-01
1981;11;-15,0299999999999994;13,4666666666666668;35,7000000000000;1981-11-01
1981;12;-18,0258064516129046;31,0645161290322598;37,4000000000000;1981-12-01
1982;1;-28,6354838709677431;41,6129032258064484;33,7000000000000;1982-01-01
1982;2;-19,3714285714285701;41,5357142857142847;18,2000000000000;1982-02-01
1982;3;-17,5774193548387103;51,1612903225806477;21,3000000000000;1982-03-01
1982;4;0,4033333333333333;21,3666666666666671;45,3000000000000;1982-04-01
1982;5;5,7935483870967746;0,0000000000000000;45,4000000000000;1982-05-01
1982;6;15,0666666666666664;0,0000000000000000;36,9000000000000;1982-06-01
1982;7;16,6387096774193566;0,0000000000000000;86,4000000000000;1982-07-01
1982;8;14,2129032258064516;0,0000000000000000;105,2000000000000;1982-08-01
1982;9;5,2633333333333336;0,1666666666666667;81,8000000000000;1982-09-01
1982;10;-8,6354838709677413;15,1935483870967740;47,7000000000000;1982-10-01
1982;11;-13,7133333333333329;41,2000000000000028;77,0000000000000;1982-11-01
1982;12;-14,8741935483870957;68,0000000000000000;53,7000000000000;1982-12-01
1983;1;-18,9838709677419359;84,3548387096774235;27,9000000000000;1983-01-01
1983;2;-18,2714285714285722;94,9285714285714306;12,9000000000000;1983-02-01
1983;3;-9,4000000000000004;83,5161290322580641;29,8000000000000;1983-03-01
1983;4;-7,9633333333333329;90,9000000000000057;19,8000000000000;1983-04-01
1983;5;1,0032258064516129;41,8709677419354804;39,7000000000000;1983-05-01
1983;6;15,0666666666666664;0,0333333333333333;9,5000000000000;1983-06-01
1983;7;17,1870967741935488;0,0000000000000000;59,3000000000000;1983-07-01
1983;8;12,7322580645161292;0,0000000000000000;123,1000000000000;1983-08-01
1983;9;6,8966666666666665;0,0000000000000000;51,2000000000000;1983-09-01
1983;10;0,1064516129032258;0,3548387096774194;44,4000000000000;1983-10-01
1983;11;-8,6099999999999994;9,6666666666666661;51,0000000000000;1983-11-01
1983;12;-16,8999999999999986;32,0967741935483843;38,0000000000000;1983-12-01
1984;1;-20,1161290322580655;40,5806451612903203;30,0000000000000;1984-01-01
1984;2;-22,1482758620689637;45,4827586206896584;29,5000000000000;1984-02-01
1984;3;-12,2322580645161292;53,6129032258064484;14,3000000000000;1984-03-01
1984;4;-13,2799999999999994;51,5333333333333314;22,1000000000000;1984-04-01
1984;5;4,3741935483870966;3,1935483870967740;26,5000000000000;1984-05-01
1984;6;15,0700000000000003;0,0000000000000000;31,0000000000000;1984-06-01
1984;7;18,2290322580645174;0,0000000000000000;66,3000000000000;1984-07-01
1984;8;14,9838709677419359;0,0000000000000000;23,1000000000000;1984-08-01
1984;9;8,8333333333333339;0,0000000000000000;16,8000000000000;1984-09-01
1984;10;-5,0225806451612902;8,1290322580645160;55,3000000000000;1984-10-01
1984;11;-24,9733333333333327;16,1000000000000014;27,6000000000000;1984-11-01
1984;12;-29,0548387096774192;31,6451612903225801;39,3000000000000;1984-12-01
1985;1;-24,9612903225806448;48,2580645161290320;46,2000000000000;1985-01-01
1985;2;-29,8964285714285722;61,2142857142857153;8,4000000000000;1985-02-01
1985;3;-15,1258064516129025;66,7741935483871032;18,7000000000000;1985-03-01
1985;4;-3,2766666666666668;38,7333333333333343;7,1000000000000;1985-04-01
1985;5;3,7612903225806451;1,0322580645161290;29,0000000000000;1985-05-01
1985;6;15,6433333333333326;0,0000000000000000;55,6000000000000;1985-06-01
1985;7;16,3903225806451616;0,0000000000000000;97,8000000000000;1985-07-01
1985;8;13,4419354838709673;0,0000000000000000;76,3000000000000;1985-08-01
1985;9;7,4299999999999997;0,0000000000000000;41,9000000000000;1985-09-01
1985;10;-0,3709677419354839;2,9677419354838710;45,8000000000000;1985-10-01
1985;11;-15,3366666666666660;21,3666666666666671;31,1000000000000;1985-11-01
1985;12;-24,4903225806451630;34,0967741935483843;26,6000000000000;1985-12-01
1986;1;-22,5612903225806463;45,6129032258064484;46,7000000000000;1986-01-01
1986;2;-17,7714285714285722;51,2857142857142847;31,6000000000000;1986-02-01
1986;3;-12,5870967741935491;49,6774193548387117;31,2000000000000;1986-03-01
1986;4;-5,8399999999999999;52,0000000000000000;34,4000000000000;1986-04-01
1986;5;3,0000000000000000;18,4193548387096762;24,9000000000000;1986-05-01
1986;6;11,6600000000000001;0,0000000000000000;60,7000000000000;1986-06-01
1986;7;19,6193548387096790;0,0000000000000000;135,6000000000000;1986-07-01
1986;8;14,9903225806451612;0,0000000000000000;56,5000000000000;1986-08-01
1986;9;6,1100000000000003;0,0666666666666667;51,9000000000000;1986-09-01
1986;10;-1,0354838709677419;4,2580645161290320;80,0000000000000;1986-10-01
1986;11;-8,1099999999999994;27,3333333333333321;59,8000000000000;1986-11-01
1986;12;-24,5516129032258057;36,2258064516129039;32,3000000000000;1986-12-01
1987;1;-29,3193548387096783;44,5806451612903203;31,0000000000000;1987-01-01
1987;2;-22,0785714285714292;37,6785714285714306;17,4000000000000;1987-02-01
1987;3;-16,4838709677419359;38,7096774193548399;7,5000000000000;1987-03-01
1987;4;-5,3399999999999999;26,1999999999999993;12,5000000000000;1987-04-01
1987;5;4,3741935483870966;0,6774193548387096;42,5000000000000;1987-05-01
1987;6;7,6233333333333331;0,2333333333333333;63,5000000000000;1987-06-01
1987;7;18,8806451612903210;0,0000000000000000;20,6000000000000;1987-07-01
1987;8;15,3677419354838705;0,0000000000000000;35,4000000000000;1987-08-01
1987;9;8,2033333333333331;0,0000000000000000;19,9000000000000;1987-09-01
1987;10;-3,7838709677419353;4,9032258064516130;61,7000000000000;1987-10-01
1987;11;-22,0666666666666664;34,1000000000000014;39,7000000000000;1987-11-01
1987;12;-21,7354838709677409;52,9032258064516157;42,1000000000000;1987-12-01
1988;1;-23,7580645161290320;63,5161290322580641;31,3000000000000;1988-01-01
1988;2;-25,3793103448275872;75,2413793103448256;25,2000000000000;1988-02-01
1988;3;-12,4193548387096779;79,0000000000000000;15,2000000000000;1988-03-01
1988;4;-5,4233333333333338;70,3666666666666600;51,5000000000000;1988-04-01
1988;5;3,5903225806451613;18,2580645161290320;38,9000000000000;1988-05-01
1988;6;9,7233333333333327;0,0000000000000000;64,8000000000000;1988-06-01
1988;7;16,8903225806451616;0,0000000000000000;54,4000000000000;1988-07-01
1988;8;13,0806451612903221;0,0000000000000000;31,3000000000000;1988-08-01
1988;9;8,0666666666666664;0,0000000000000000;42,2000000000000;1988-09-01
1988;10;-1,3419354838709676;3,6451612903225805;38,3000000000000;1988-10-01
1988;11;-9,4299999999999997;30,4666666666666650;61,1000000000000;1988-11-01
1988;12;-13,5096774193548388;37,0322580645161281;27,9000000000000;1988-12-01
1989;1;-22,3354838709677423;46,2580645161290320;26,2000000000000;1989-01-01
1989;2;-14,4499999999999993;48,5714285714285694;30,3000000000000;1989-02-01
1989;3;-9,0161290322580641;57,9032258064516157;28,3000000000000;1989-03-01
1989;4;-7,9566666666666670;56,6333333333333329;25,4000000000000;1989-04-01
1989;5;5,3612903225806452;12,1290322580645160;43,4000000000000;1989-05-01
1989;6;10,7566666666666659;0,0333333333333333;48,4000000000000;1989-06-01
1989;7;17,4548387096774178;0,0000000000000000;77,8000000000000;1989-07-01
1989;8;14,0419354838709669;0,0000000000000000;39,5000000000000;1989-08-01
1989;9;5,1133333333333333;0,0000000000000000;60,2000000000000;1989-09-01
1989;10;-2,3935483870967742;3,6451612903225805;70,5000000000000;1989-10-01
1989;11;-12,2933333333333330;35,3666666666666671;64,4000000000000;1989-11-01
1989;12;-20,1967741935483858;48,8709677419354804;37,1000000000000;1989-12-01
1990;1;-32,7225806451612939;55,5806451612903203;17,3000000000000;1990-01-01
1990;2;-22,0142857142857125;49,6785714285714306;23,7000000000000;1990-02-01
1990;3;-6,1548387096774198;56,6451612903225836;34,8000000000000;1990-03-01
1990;4;-1,7933333333333332;36,1000000000000014;8,1000000000000;1990-04-01
1990;5;5,3645161290322578;1,9677419354838710;53,1000000000000;1990-05-01
1990;6;13,3333333333333339;0,0000000000000000;35,0000000000000;1990-06-01
1990;7;20,2645161290322591;0,0000000000000000;61,2000000000000;1990-07-01
1990;8;14,6064516129032267;0,0000000000000000;8,5000000000000;1990-08-01
1990;9;6,3033333333333337;0,0000000000000000;67,1000000000000;1990-09-01
1990;10;-1,9967741935483871;2,3548387096774195;63,7000000000000;1990-10-01
1990;11;-16,0700000000000003;21,1999999999999993;59,5000000000000;1990-11-01
1990;12;-21,4774193548387089;51,6129032258064484;47,2000000000000;1990-12-01
1991;1;-18,9258064516129032;59,1935483870967758;29,5000000000000;1991-01-01
1991;2;-24,9928571428571438;62,2857142857142847;16,3000000000000;1991-02-01
1991;3;-17,2677419354838726;67,0000000000000000;11,8000000000000;1991-03-01
1991;4;-2,6299999999999999;41,6666666666666643;23,9000000000000;1991-04-01
1991;5;3,8838709677419354;1,1935483870967742;27,2000000000000;1991-05-01
1991;6;13,4666666666666668;0,0000000000000000;38,8000000000000;1991-06-01
1991;7;19,0483870967741922;0,0000000000000000;83,0000000000000;1991-07-01
1991;8;13,1193548387096772;0,0000000000000000;67,6000000000000;1991-08-01
1991;9;9,8766666666666669;0,0000000000000000;38,8000000000000;1991-09-01
1991;10;-2,3806451612903228;2,9354838709677420;52,7000000000000;1991-10-01
1991;11;-12,2333333333333343;21,5666666666666664;39,3000000000000;1991-11-01
1991;12;-25,9709677419354854;37,0322580645161281;32,4000000000000;1991-12-01
1992;1;-16,3387096774193559;50,0322580645161281;43,4000000000000;1992-01-01
1992;2;-16,1413793103448278;57,8965517241379288;27,9000000000000;1992-02-01
1992;3;-14,0032258064516135;63,6451612903225836;21,5000000000000;1992-03-01
1992;4;-8,8799999999999990;52,4666666666666686;15,6000000000000;1992-04-01
1992;5;4,8129032258064512;8,7096774193548381;40,0000000000000;1992-05-01
1992;6;9,0066666666666659;0,1333333333333333;77,7000000000000;1992-06-01
1992;7;17,6580645161290306;0,0000000000000000;14,1000000000000;1992-07-01
1992;8;16,7741935483870961;0,0000000000000000;32,6000000000000;1992-08-01
1992;9;4,2133333333333338;0,1333333333333333;37,5000000000000;1992-09-01
1992;10;-1,4935483870967743;1,2903225806451613;79,0000000000000;1992-10-01
1992;11;-18,3999999999999986;23,2666666666666657;46,6000000000000;1992-11-01
1992;12;-20,9419354838709673;37,0967741935483843;46,7000000000000;1992-12-01
1993;1;-17,3483870967741929;34,3548387096774164;35,0000000000000;1993-01-01
1993;2;-16,0285714285714285;43,9285714285714306;34,2000000000000;1993-02-01
1993;3;-8,1064516129032267;45,7419354838709680;11,6000000000000;1993-03-01
1993;4;-3,8233333333333333;32,2666666666666657;25,1000000000000;1993-04-01
1993;5;1,9967741935483871;0,9354838709677419;34,8000000000000;1993-05-01
1993;6;15,0933333333333337;0,0000000000000000;33,9000000000000;1993-06-01
1993;7;19,3870967741935480;0,0000000000000000;31,8000000000000;1993-07-01
1993;8;14,1129032258064520;0,0000000000000000;55,1000000000000;1993-08-01
1993;9;6,4399999999999995;0,0000000000000000;42,9000000000000;1993-09-01
1993;10;-2,7935483870967741;4,7096774193548390;60,8000000000000;1993-10-01
1993;11;-16,7033333333333331;20,7333333333333343;42,3000000000000;1993-11-01
1993;12;-21,1774193548387082;44,3870967741935516;39,6000000000000;1993-12-01
1994;1;-27,8580645161290334;49,6451612903225836;14,4000000000000;1994-01-01
1994;2;-25,5785714285714292;51,2857142857142847;16,2000000000000;1994-02-01
1994;3;-9,3290322580645153;49,8709677419354804;23,1000000000000;1994-03-01
1994;4;-4,2199999999999998;51,7999999999999972;21,9000000000000;1994-04-01
1994;5;2,9258064516129032;3,6129032258064515;50,5000000000000;1994-05-01
1994;6;15,8133333333333344;0,0000000000000000;35,7000000000000;1994-06-01
1994;7;19,6322580645161295;0,0000000000000000;59,2000000000000;1994-07-01
1994;8;13,9709677419354836;0,0000000000000000;3,2000000000000;1994-08-01
1994;9;5,7100000000000000;0,0000000000000000;76,7000000000000;1994-09-01
1994;10;-0,1870967741935484;2,2903225806451615;32,7000000000000;1994-10-01
1994;11;-16,9566666666666670;26,2666666666666657;47,0000000000000;1994-11-01
1994;12;-28,2548387096774185;51,8064516129032242;25,4000000000000;1994-12-01
1995;1;-18,0032258064516135;63,2580645161290320;39,7000000000000;1995-01-01
1995;2;-12,9821428571428577;71,5714285714285694;40,3000000000000;1995-02-01
1995;3;-10,6645161290322577;81,9032258064516157;23,8000000000000;1995-03-01
1995;4;1,4199999999999999;34,2333333333333343;10,8000000000000;1995-04-01
1995;5;5,0064516129032262;0,3548387096774194;28,4000000000000;1995-05-01
1995;6;9,4366666666666674;0,0333333333333333;54,4000000000000;1995-06-01
1995;7;17,9290322580645167;0,0000000000000000;29,6000000000000;1995-07-01
1995;8;15,5967741935483879;0,0000000000000000;37,0000000000000;1995-08-01
1995;9;5,1633333333333331;0,0000000000000000;61,0000000000000;1995-09-01
1995;10;-1,8580645161290323;5,2580645161290320;75,4000000000000;1995-10-01
1995;11;-10,4700000000000006;31,1666666666666679;81,4000000000000;1995-11-01
1995;12;-17,1129032258064520;50,7419354838709680;66,9000000000000;1995-12-01
1996;1;-29,1354838709677431;50,6451612903225836;21,6000000000000;1996-01-01
1996;2;-20,0724137931034470;60,5862068965517224;11,2000000000000;1996-02-01
1996;3;-10,9096774193548391;61,5483870967741922;6,2000000000000;1996-03-01
1996;4;-5,4699999999999998;56,2999999999999972;24,5000000000000;1996-04-01
1996;5;1,4645161290322581;15,6774193548387100;21,7000000000000;1996-05-01
1996;6;11,8499999999999996;0,0000000000000000;28,5000000000000;1996-06-01
1996;7;20,9161290322580662;0,0000000000000000;14,1000000000000;1996-07-01
1996;8;10,1096774193548384;0,0000000000000000;77,4000000000000;1996-08-01
1996;9;3,6133333333333333;0,0000000000000000;18,0000000000000;1996-09-01
1996;10;-3,6387096774193548;3,0645161290322580;34,7000000000000;1996-10-01
1996;11;-15,3266666666666662;24,8999999999999986;31,6000000000000;1996-11-01
1996;12;-23,5967741935483879;47,1290322580645196;47,7000000000000;1996-12-01
1997;1;-25,5903225806451609;50,2258064516129039;29,1000000000000;1997-01-01
1997;2;-20,0500000000000007;53,0714285714285694;33,5000000000000;1997-02-01
1997;3;-9,3032258064516125;64,7419354838709609;20,5000000000000;1997-03-01
1997;4;2,6466666666666665;21,5000000000000000;13,8000000000000;1997-04-01
1997;5;5,5096774193548388;0,1290322580645161;43,2000000000000;1997-05-01
1997;6;10,3233333333333341;0,0000000000000000;23,2000000000000;1997-06-01
1997;7;13,7193548387096769;0,0000000000000000;55,6000000000000;1997-07-01
1997;8;12,3870967741935480;0,0000000000000000;24,1000000000000;1997-08-01
1997;9;7,4799999999999995;0,0000000000000000;19,7000000000000;1997-09-01
1997;10;-0,1677419354838710;0,4193548387096774;57,6000000000000;1997-10-01
1997;11;-18,0899999999999999;19,6999999999999993;50,0000000000000;1997-11-01
1997;12;-27,9225806451612897;37,7741935483870961;23,2000000000000;1997-12-01
1998;1;-24,1354838709677431;47,6774193548387117;41,2000000000000;1998-01-01
1998;2;-19,3071428571428569;53,0357142857142847;32,8000000000000;1998-02-01
1998;3;-10,0451612903225804;52,7741935483870961;21,5000000000000;1998-03-01
1998;4;-6,0866666666666669;56,6000000000000014;27,4000000000000;1998-04-01
1998;5;2,4806451612903224;16,5806451612903238;27,6000000000000;1998-05-01
1998;6;10,4166666666666661;0,0000000000000000;44,3000000000000;1998-06-01
1998;7;18,4838709677419359;0,0000000000000000;7,2000000000000;1998-07-01
1998;8;16,5322580645161281;0,0000000000000000;25,5000000000000;1998-08-01
1998;9;2,7933333333333334;0,6666666666666666;65,0000000000000;1998-09-01
1998;10;-6,6225806451612899;10,0000000000000000;31,6000000000000;1998-10-01
1998;11;-25,6933333333333316;31,0000000000000000;25,6000000000000;1998-11-01
1998;12;-19,0548387096774192;57,7096774193548399;63,1000000000000;1998-12-01
1999;1;-30,1645161290322577;64,9354838709677438;17,1000000000000;1999-01-01
1999;2;-15,5321428571428566;67,6071428571428612;17,8000000000000;1999-02-01
1999;3;-19,6903225806451623;69,1612903225806406;6,9000000000000;1999-03-01
1999;4;-4,8666666666666663;59,3666666666666671;34,4000000000000;1999-04-01
1999;5;7,9225806451612906;6,4516129032258061;9,3000000000000;1999-05-01
1999;6;10,2033333333333331;0,0000000000000000;31,8000000000000;1999-06-01
1999;7;19,0000000000000000;0,0000000000000000;22,0000000000000;1999-07-01
1999;8;12,1806451612903235;0,0000000000000000;46,2000000000000;1999-08-01
1999;9;5,8200000000000003;0,1000000000000000;24,8000000000000;1999-09-01
1999;10;-2,8612903225806452;6,2258064516129030;51,3000000000000;1999-10-01
1999;11;-16,6466666666666683;23,4666666666666650;20,4000000000000;1999-11-01
1999;12;-15,9225806451612897;36,8709677419354804;39,0000000000000;1999-12-01
2000;1;-29,0709677419354833;47,4838709677419359;24,4000000000000;2000-01-01
2000;2;-19,1344827586206883;58,1379310344827616;26,2000000000000;2000-02-01
2000;3;-8,8870967741935480;67,0645161290322562;13,2000000000000;2000-03-01
2000;4;-2,6066666666666665;46,0666666666666700;31,4000000000000;2000-04-01
2000;5;5,9483870967741934;6,4193548387096770;34,0000000000000;2000-05-01
2000;6;15,2033333333333331;0,0000000000000000;51,3000000000000;2000-06-01
2000;7;15,3322580645161288;0,0000000000000000;40,6000000000000;2000-07-01
2000;8;15,5354838709677416;0,0000000000000000;73,1000000000000;2000-08-01
2000;9;6,3633333333333333;0,0000000000000000;53,3000000000000;2000-09-01
2000;10;-4,2193548387096778;4,2903225806451610;44,8000000000000;2000-10-01
2000;11;-22,8433333333333337;26,4666666666666650;36,4000000000000;2000-11-01
2000;12;-32,9903225806451630;39,7096774193548399;19,3000000000000;2000-12-01
2001;1;-33,1000000000000014;50,0645161290322562;27,0000000000000;2001-01-01
2001;2;-22,5964285714285715;58,3928571428571459;20,9000000000000;2001-02-01
2001;3;-12,5580645161290327;63,9677419354838719;32,6000000000000;2001-03-01
2001;4;-4,8333333333333330;62,3999999999999986;23,8000000000000;2001-04-01
2001;5;5,4548387096774196;13,9354838709677420;72,5000000000000;2001-05-01
2001;6;16,7166666666666650;0,0000000000000000;63,7000000000000;2001-06-01
2001;7;15,4580645161290313;0,0000000000000000;94,9000000000000;2001-07-01
2001;8;16,7225806451612904;0,0000000000000000;59,2000000000000;2001-08-01
2001;9;7,4500000000000002;0,0000000000000000;27,7000000000000;2001-09-01
2001;10;-2,5612903225806454;9,5161290322580641;44,4000000000000;2001-10-01
2001;11;-10,9666666666666668;22,6666666666666679;42,1000000000000;2001-11-01
2001;12;-22,0741935483870968;38,4838709677419359;48,0000000000000;2001-12-01
2002;1;-19,7129032258064534;53,5806451612903203;63,1000000000000;2002-01-01
2002;2;-16,8642857142857139;72,2500000000000000;40,8000000000000;2002-02-01
2002;3;-9,5645161290322580;70,4838709677419359;40,6000000000000;2002-03-01
2002;4;-7,0899999999999999;62,6000000000000014;6,0000000000000;2002-04-01
2002;5;7,2806451612903222;4,8709677419354840;30,2000000000000;2002-05-01
2002;6;16,3466666666666676;0,0000000000000000;53,0000000000000;2002-06-01
2002;7;16,7483870967741950;0,0000000000000000;43,7000000000000;2002-07-01
2002;8;13,3193548387096783;0,0000000000000000;64,4000000000000;2002-08-01
2002;9;4,4433333333333334;0,1666666666666667;83,2000000000000;2002-09-01
2002;10;-2,4774193548387098;9,9032258064516121;43,8000000000000;2002-10-01
2002;11;-16,2066666666666670;21,2333333333333343;37,4000000000000;2002-11-01
2002;12;-25,6225806451612890;37,0967741935483843;29,5000000000000;2002-12-01
2003;1;-20,7806451612903231;45,5483870967741922;56,2000000000000;2003-01-01
2003;2;-19,0571428571428569;66,5000000000000000;48,5000000000000;2003-02-01
2003;3;-11,7935483870967737;70,4516129032258078;19,0000000000000;2003-03-01
2003;4;-4,9166666666666670;61,2666666666666657;24,2000000000000;2003-04-01
2003;5;5,3870967741935480;13,7741935483870961;19,6000000000000;2003-05-01
2003;6;17,3266666666666680;0,0000000000000000;6,5000000000000;2003-06-01
2003;7;15,8677419354838705;0,0000000000000000;55,7000000000000;2003-07-01
2003;8;15,0967741935483879;0,0000000000000000;12,8000000000000;2003-08-01
2003;9;7,5499999999999998;0,0000000000000000;41,6000000000000;2003-09-01
2003;10;-1,6516129032258065;4,5806451612903230;46,2000000000000;2003-10-01
2003;11;-20,0666666666666664;27,9666666666666650;49,9000000000000;2003-11-01
2003;12;-17,8129032258064512;36,8709677419354804;43,9000000000000;2003-12-01
2004;1;-20,9161290322580626;57,5483870967741922;39,7000000000000;2004-01-01
2004;2;-18,7068965517241388;73,9655172413793167;45,0000000000000;2004-02-01
2004;3;-15,2806451612903231;84,2258064516128968;31,9000000000000;2004-03-01
2004;4;-5,3466666666666667;63,6333333333333329;5,9000000000000;2004-04-01
2004;5;5,0354838709677416;20,4838709677419359;13,7000000000000;2004-05-01
2004;6;16,2133333333333347;0,0000000000000000;22,7000000000000;2004-06-01
2004;7;16,1064516129032249;0,0000000000000000;52,0000000000000;2004-07-01
2004;8;11,7580645161290320;0,0000000000000000;103,7000000000000;2004-08-01
2004;9;6,5800000000000001;0,0000000000000000;43,4000000000000;2004-09-01
2004;10;-2,1064516129032258;4,2258064516129030;42,9000000000000;2004-10-01
2004;11;-7,5933333333333337;20,6333333333333329;63,6000000000000;2004-11-01
2004;12;-28,2064516129032263;39,4838709677419359;26,8000000000000;2004-12-01
2005;1;-18,9516129032258078;53,5161290322580641;40,5000000000000;2005-01-01
2005;2;-23,5509948979591854;59,1785714285714306;10,0000000000000;2005-02-01
2005;3;-9,8279377880184331;55,0645161290322562;19,2000000000000;2005-03-01
2005;4;-3,4067261904761903;32,9666666666666686;20,6000000000000;2005-04-01
2005;5;5,8106566820276493;0,6451612903225806;25,0000000000000;2005-05-01
2005;6;14,4412500000000001;0,0000000000000000;57,8000000000000;2005-06-01
2005;7;19,7000384024577571;0,0000000000000000;63,8000000000000;2005-07-01
2005;8;14,4002496159754223;0,0000000000000000;58,5000000000000;2005-08-01
2005;9;9,0055476190476185;0,6739130434782609;50,4000000000000;2005-09-01
2005;10;1,2673003072196620;2,4123422159887800;85,3000000000000;2005-10-01
2005;11;-10,5905158730158728;19,2333333333333343;134,1000000000000;2005-11-01
2005;12;-23,1998387096774188;29,9677419354838719;15,1000000000000;2005-12-01
2006;1;-38,1910983102918564;35,7580645161290320;10,5000000000000;2006-01-01
2006;2;-23,7477891156462597;49,1607142857142847;27,5000000000000;2006-02-01
2006;3;-11,2048963133640544;52,2903225806451601;25,7000000000000;2006-03-01
2006;4;-6,9649801587301585;44,5000000000000000;14,3000000000000;2006-04-01
2006;5;3,4817972350230417;7,3225806451612900;32,9000000000000;2006-05-01
2006;6;16,9658333333333324;0,0000000000000000;25,8000000000000;2006-06-01
2006;7;18,5574231950844855;0,0000000000000000;29,0000000000000;2006-07-01
2006;8;11,7817204301075265;0,0000000000000000;86,5000000000000;2006-08-01
2006;9;9,3022619047619042;1,0000000000000000;46,8000000000000;2006-09-01
2006;10;-5,3536021505376343;14,4193548387096779;50,7000000000000;2006-10-01
2006;11;-18,5706547619047626;40,8333333333333357;37,3000000000000;2006-11-01
2006;12;-17,5086904761904769;52,0806451612903203;31,4000000000000;2006-12-01
2007;1;-12,6438786482334873;65,4838709677419359;37,6000000000000;2007-01-01
2007;2;-27,4042517006802733;83,2678571428571388;20,3000000000000;2007-02-01
2007;3;-11,1616705069124418;87,4193548387096797;50,9000000000000;2007-03-01
2007;4;2,9689285714285716;44,6666666666666643;8,6000000000000;2007-04-01
2007;5;3,5778225806451611;4,8064516129032260;32,1000000000000;2007-05-01
2007;6;12,5082142857142848;0,0000000000000000;38,9000000000000;2007-06-01
2007;7;19,4479454685099853;0,0000000000000000;57,3000000000000;2007-07-01
2007;8;13,3313709677419361;0,0000000000000000;85,3000000000000;2007-08-01
2007;9;7,4088690476190475;0,4428571428571428;63,9000000000000;2007-09-01
2007;10;-0,8238325652841781;7,2649769585253452;45,3000000000000;2007-10-01
2007;11;-11,2664047619047611;21,8833333333333329;31,1000000000000;2007-11-01
2007;12;-16,8077726574500765;45,0967741935483843;54,9000000000000;2007-12-01
2008;1;-28,0259139784946250;70,1290322580645125;25,9000000000000;2008-01-01
2008;2;-14,5413587848932675;70,1379310344827616;31,3000000000000;2008-02-01
2008;3;-7,6833333333333336;73,4838709677419359;29,0000000000000;2008-03-01
2008;4;-6,1382142857142856;63,8333333333333357;28,1000000000000;2008-04-01
2008;5;5,8250793650793655;7,1166666666666663;40,1000000000000;2008-05-01
2008;6;13,3741666666666674;0,0000000000000000;31,7000000000000;2008-06-01
2008;7;16,4252880184331786;0,0000000000000000;56,8000000000000;2008-07-01
2008;8;12,9714861751152082;0,0000000000000000;130,1000000000000;2008-08-01
2008;9;8,3806428571428579;3,9743589743589745;69,8000000000000;2008-09-01
2008;10;0,2135944700460829;6,1699751861042182;90,5000000000000;2008-10-01
2008;11;-10,4231944444444444;20,2166666666666650;44,5000000000000;2008-11-01
2008;12;-22,5135944700460833;48,8387096774193523;36,5000000000000;2008-12-01
2009;1;-22,3512480798771129;53,3225806451612883;18,7000000000000;2009-01-01
2009;2;-27,9011479591836746;61,4642857142857153;11,7000000000000;2009-02-01
2009;3;-12,8240783410138253;71,1612903225806406;21,5000000000000;2009-03-01
2009;4;-1,0493452380952382;42,2000000000000028;35,0000000000000;2009-04-01
2009;5;1,9344470046082949;4,5645161290322580;36,5000000000000;2009-05-01
2009;6;12,6586111111111119;0,0000000000000000;49,1000000000000;2009-06-01
2009;7;19,1715821812596019;0,0000000000000000;32,4000000000000;2009-07-01
2009;8;15,1666858678955450;0,0000000000000000;15,6000000000000;2009-08-01
2009;9;7,9008333333333329;0,6888888888888889;63,5000000000000;2009-09-01
2009;10;-2,6730990783410138;9,7204301075268820;40,4000000000000;2009-10-01
2009;11;-20,3755158730158747;29,6166666666666671;38,9000000000000;2009-11-01
2009;12;-32,1723387096774189;46,5806451612903203;18,5000000000000;2009-12-01
2010;1;-29,0163210445468494;48,0161290322580641;35,1000000000000;2010-01-01
2010;2;-29,7562500000000014;61,7678571428571459;13,6000000000000;2010-02-01
2010;3;-12,0857142857142854;55,1612903225806477;8,8000000000000;2010-03-01
2010;4;-2,6622738095238097;42,4666666666666686;15,1000000000000;2010-04-01
2010;5;2,5855990783410139;6,6774193548387100;58,0000000000000;2010-05-01
2010;6;12,0536904761904768;0,0000000000000000;47,8000000000000;2010-06-01
2010;7;15,0645161290322580;0,0000000000000000;53,1000000000000;2010-07-01
2010;8;12,2334101382488480;0,0000000000000000;69,1000000000000;2010-08-01
2010;9;4,9986904761904762;0,3604651162790697;77,0000000000000;2010-09-01
2010;10;-0,1171082949308756;3,5705176294073517;54,6000000000000;2010-10-01
2010;11;-12,3181547619047613;12,0000000000000000;33,3000000000000;2010-11-01
2010;12;-31,0603878648233476;21,4838709677419359;21,1000000000000;2010-12-01
2011;1;-24,5389592933947753;27,1451612903225801;23,1000000000000;2011-01-01
2011;2;-21,4323341836734684;36,7678571428571459;24,8000000000000;2011-02-01
2011;3;-7,7224078341013822;44,5483870967741922;13,1000000000000;2011-03-01
2011;4;0,8648809523809524;14,5000000000000000;28,5000000000000;2011-04-01
2011;5;7,1535714285714285;0,7580645161290323;39,5000000000000;2011-05-01
2011;6;17,9867857142857162;0,0000000000000000;17,2000000000000;2011-06-01
2011;7;13,4338133640552986;0,0000000000000000;70,2000000000000;2011-07-01
2011;8;12,4873502304147461;0,0000000000000000;83,1000000000000;2011-08-01
2011;9;9,0800119047619052;0,5961538461538461;24,2000000000000;2011-09-01
2011;10;1,4277649769585252;1,7133995037220844;45,4000000000000;2011-10-01
2011;11;-13,4514880952380960;11,1333333333333329;30,8000000000000;2011-11-01
2011;12;-15,5620391705069121;32,8225806451612883;49,7000000000000;2011-12-01
2012;1;-25,2626152073732726;51,4838709677419359;17,9000000000000;2012-01-01
2012;2;-17,5885591133004908;55,1379310344827616;19,1000000000000;2012-02-01
2012;3;-10,4878840245775731;59,0000000000000000;12,0000000000000;2012-03-01
2012;4;-1,0220833333333335;18,4333333333333336;15,8000000000000;2012-04-01
2012;5;5,5362327188940093;0,6451612903225806;24,8000000000000;2012-05-01
2012;6;18,1826349206349214;0,0000000000000000;3,6000000000000;2012-06-01
2012;7;19,3782450076804906;0,0000000000000000;7,7000000000000;2012-07-01
2012;8;12,7935483870967737;0,0000000000000000;20,9000000000000;2012-08-01
2012;9;10,6101190476190474;0,3875000000000000;66,7000000000000;2012-09-01
2012;10;-4,0822196620583719;3,8185483870967740;27,7000000000000;2012-10-01
2012;11;-19,4287500000000009;25,5500000000000007;29,3000000000000;2012-11-01
2012;12;-30,0142281105990776;44,0967741935483843;20,8000000000000;2012-12-01
2013;1;-27,4032834101382505;52,3870967741935516;31,2000000000000;2013-01-01
2013;2;-21,7352678571428584;64,9642857142857082;18,0000000000000;2013-02-01
2013;3;-15,9393433179723498;60,7419354838709680;27,1000000000000;2013-03-01
2013;4;-1,9216071428571428;42,2666666666666657;35,2000000000000;2013-04-01
2013;5;3,0794354838709679;1,0645161290322580;56,1000000000000;2013-05-01
2013;6;14,3424999999999994;0,0000000000000000;30,7000000000000;2013-06-01
2013;7;19,3534254992319497;0,0000000000000000;41,4000000000000;2013-07-01
2013;8;15,6384408602150540;0,0000000000000000;46,3000000000000;2013-08-01
2013;9;5,2941666666666665;0,4305555555555556;121,1000000000000;2013-09-01
2013;10;-2,0241935483870965;5,4059139784946240;45,9000000000000;2013-10-01
2013;11;-9,1600000000000001;13,4666666666666668;48,8000000000000;2013-11-01
2013;12;-12,9935483870967747;35,3225806451612883;52,4000000000000;2013-12-01
2014;1;-26,8798387096774185;60,5806451612903203;41,1000000000000;2014-01-01
2014;2;-27,0124362244897966;70,3571428571428612;27,0000000000000;2014-02-01
2014;3;-7,0734447004608292;70,0645161290322562;34,0000000000000;2014-03-01
2014;4;0,4932738095238095;30,9333333333333336;32,0000000000000;2014-04-01
2014;5;4,0167626728110601;1,3548387096774193;56,3000000000000;2014-05-01
2014;6;13,9069047619047623;0,0000000000000000;66,3000000000000;2014-06-01
2014;7;18,3449308755760363;0,0000000000000000;82,2000000000000;2014-07-01
2014;8;12,1384792626728117;0,0000000000000000;66,5000000000000;2014-08-01
2014;9;4,7618452380952379;0,7750000000000000;62,1000000000000;2014-09-01
2014;10;-5,3366935483870970;13,0564516129032260;61,8000000000000;2014-10-01
2014;11;-17,5216666666666647;41,6166666666666671;63,5000000000000;2014-11-01
2014;12;-13,4823732718894007;56,4193548387096797;49,8000000000000;2014-12-01
2015;1;-22,7005760368663587;73,3387096774193594;38,3000000000000;2015-01-01
2015;2;-15,7399447278911566;91,5000000000000000;38,0000000000000;2015-02-01
2015;3;-9,3865207373271886;106,1451612903225765;29,3000000000000;2015-03-01
2015;4;1,2720238095238097;80,2999999999999972;48,3000000000000;2015-04-01
2015;5;7,9064516129032256;17,7096774193548399;48,7000000000000;2015-05-01
2015;6;16,6208333333333336;0,0000000000000000;27,6000000000000;2015-06-01
2015;7;18,2398041474654384;0,0000000000000000;59,0000000000000;2015-07-01
2015;8;13,4349654377880174;0,0000000000000000;119,9000000000000;2015-08-01
2015;9;6,1612499999999999;2,5833333333333335;50,7000000000000;2015-09-01
2015;10;-3,2666321044546849;11,4677419354838719;59,6000000000000;2015-10-01
2015;11;-15,4762500000000003;23,8999999999999986;29,4000000000000;2015-11-01
2015;12;-11,8294354838709683;43,6129032258064484;51,0000000000000;2015-12-01
2016;1;-25,1254608294930861;58,9032258064516157;3,9000000000000;2016-01-01
2016;2;-14,5485837438423644;65,1724137931034448;33,8000000000000;2016-02-01
2016;3;-7,7645161290322582;64,2580645161290391;22,0000000000000;2016-03-01
2016;4;1,9045238095238095;30,5833333333333321;26,2000000000000;2016-04-01
2016;5;3,4213709677419355;1,7580645161290323;34,3000000000000;2016-05-01
2016;6;18,7345833333333331;0,0000000000000000;11,7000000000000;2016-06-01
2016;7;19,7995967741935495;0,0000000000000000;25,4000000000000;2016-07-01
2016;8;14,9262096774193544;0,0000000000000000;92,4000000000000;2016-08-01
2016;9;10,0216071428571425;0,3604651162790697;20,2000000000000;2016-09-01
2016;10;-4,7420506912442395;4,5382595648912227;13,7000000000000;2016-10-01
2016;11;-18,7257738095238082;24,3166666666666664;53,0000000000000;2016-11-01
2016;12;-21,3876152073732726;42,9677419354838719;44,5000000000000;2016-12-01
2017;1;-24,1379032258064505;58,8709677419354804;31,8000000000000;2017-01-01
2017;2;-15,7544642857142865;62,0357142857142847;19,9000000000000;2017-02-01
2017;3;-3,9852150537634410;67,2096774193548328;24,7000000000000;2017-03-01
2017;4;-2,2004166666666669;46,9500000000000028;31,0000000000000;2017-04-01
2017;5;3,8395161290322579;10,7580645161290320;52,5000000000000;2017-05-01
2017;6;17,0433333333333330;0,0000000000000000;73,1000000000000;2017-06-01
2017;7;17,2213709677419367;0,0000000000000000;35,9000000000000;2017-07-01
2017;8;14,2137096774193541;0,0000000000000000;71,1000000000000;2017-08-01
2017;9;4,6784523809523808;0,5333333333333333;80,0000000000000;2017-09-01
2017;10;-1,7445276497695852;5,5000000000000000;33,0000000000000;2017-10-01
2017;11;-13,9954365079365086;26,3000000000000007;53,2000000000000;2017-11-01
2017;12;-13,8735599078341014;56,2741935483870961;54,1000000000000;2017-12-01
2018;1;-25,0716973886328738;69,6129032258064484;25,2000000000000;2018-01-01
2018;2;-20,3270408163265301;72,1785714285714306;16,1000000000000;2018-02-01
2018;3;-12,4536290322580641;76,5967741935483843;39,1000000000000;2018-03-01
2018;4;-3,0323809523809522;70,2999999999999972;27,3000000000000;2018-04-01
2018;5;1,0995967741935484;12,0000000000000000;29,7000000000000;2018-05-01
2018;6;18,5201785714285698;0,0000000000000000;18,9000000000000;2018-06-01
2018;7;16,2064516129032263;0,0000000000000000;23,5000000000000;2018-07-01
2018;8;13,4633064516129028;0,0000000000000000;81,8000000000000;2018-08-01
2018;9;7,9662499999999996;0,2980769230769231;64,8000000000000;2018-09-01
2018;10;2,9345046082949309;1,1792803970223324;60,7000000000000;2018-10-01
2018;11;-16,9985238095238103;14,6999999999999993;32,5000000000000;2018-11-01
2018;12;-26,1735023041474655;27,8387096774193559;34,4000000000000;2018-12-01
2019;1;-19,8459677419354854;36,9354838709677438;38,5000000000000;2019-01-01
2019;2;-19,6933035714285722;50,6071428571428541;20,5000000000000;2019-02-01
2019;3;-4,8624999999999998;53,7580645161290320;27,6000000000000;2019-03-01
2019;4;-3,3591666666666669;39,5166666666666657;39,0000000000000;2019-04-01
2019;5;4,6175691244239632;9,5806451612903221;69,1000000000000;2019-05-01
2019;6;13,8610912698412694;0,0000000000000000;96,2000000000000;2019-06-01
2019;7;19,6283986175115217;0,0000000000000000;81,7000000000000;2019-07-01
2019;8;16,4600230414746562;0,0000000000000000;54,7000000000000;2019-08-01
2019;9;7,4276785714285714;1,7121621621621621;48,5000000000000;2019-09-01
2019;10;-0,3329493087557603;3,2946817785527465;64,3000000000000;2019-10-01
2019;11;-17,6638095238095225;27,1000000000000014;38,3000000000000;2019-11-01
2019;12;-19,5120967741935480;45,7419354838709680;46,4000000000000;2019-12-01
2020;1;-15,1058755760368655;56,7258064516129039;47,0000000000000;2020-01-01
2020;2;-12,7120689655172416;65,2413793103448256;29,3000000000000;2020-02-01
2020;3;-6,7165322580645164;76,7096774193548328;69,0000000000000;2020-03-01
2020;4;4,2345833333333331;38,8864864864864899;9,0000000000000;2020-04-01
2020;5;10,4245967741935477;0,4324324324324324;52,9000000000000;2020-05-01
2020;6;14,5241666666666660;0,0000000000000000;102,1000000000000;2020-06-01
2020;7;16,8779953917050705;0,0000000000000000;69,1000000000000;2020-07-01
2020;8;17,7147273425499243;0,0000000000000000;80,2000000000000;2020-08-01
2020;9;10,2443452380952387;1,2567567567567568;67,2000000000000;2020-09-01
2020;10;-2,2516129032258063;6,0741063644289452;92,4000000000000;2020-10-01
2020;11;-8,0574999999999992;22,0333333333333350;45,6000000000000;2020-11-01
2020;12;-24,5540322580645167;36,2741935483870961;29,2000000000000;2020-12-01
2021;1;-30,9302419354838705;46,4516129032258078;26,9000000000000;2021-01-01
2021;2;-24,7120535714285730;62,7500000000000000;33,1000000000000;2021-02-01
2021;3;-11,6395161290322573;71,9354838709677438;36,8000000000000;2021-03-01
2021;4;-0,8866666666666666;48,7999999999999972;25,2000000000000;2021-04-01
2021;5;5,3249423963133644;3,6129032258064515;60,7000000000000;2021-05-01
2021;6;11,0679166666666671;0,0000000000000000;109,8000000000000;2021-06-01
2021;7;17,4091589861751146;0,0000000000000000;51,1000000000000;2021-07-01
2021;8;14,8733870967741932;0,0000000000000000;67,6000000000000;2021-08-01
2021;9;6,9941666666666666;0,7560975609756098;85,2000000000000;2021-09-01
2021;10;0,5746543778801844;4,8489378442171516;58,6000000000000;2021-10-01
2021;11;-12,0088095238095232;33,7000000000000028;76,8000000000000;2021-11-01
2021;12;-24,8500576036866363;52,4516129032258078;29,6000000000000;2021-12-01
2022;1;-18,4657258064516121;56,4838709677419359;31,8000000000000;2022-01-01
2022;2;-15,7968750000000000;73,0000000000000000;29,2000000000000;2022-02-01
2022;3;-12,4149769585253456;82,5806451612903203;41,7000000000000;2022-03-01
2022;4;-1,0408333333333333;69,0333333333333314;38,9000000000000;2022-04-01
2022;5;9,0649193548387093;17,2903225806451601;32,0000000000000;2022-05-01
2022;6;15,5227976190476191;0,0000000000000000;94,9000000000000;2022-06-01
2022;7;16,7804723502304149;0,0000000000000000;64,0000000000000;2022-07-01
2022;8;13,1786290322580655;0,0000000000000000;68,7000000000000;2022-08-01
2022;9;5,9458333333333337;0,5666666666666667;70,3000000000000;2022-09-01
2022;10;0,7133064516129032;1,4838709677419355;37,2000000000000;2022-10-01
2022;11;-15,9087499999999995;17,8999999999999986;22,3000000000000;2022-11-01
2022;12;-21,5150537634408607;28,8387096774193559;27,5000000000000;2022-12-01
2023;1;-27,1405337941628275;40,4516129032258078;38,9000000000000;2023-01-01
2023;2;-14,3053571428571420;58,0357142857142847;25,7000000000000;2023-02-01
2023;3;-8,1419354838709683;57,1612903225806477;53,7000000000000;2023-03-01
2023;4;-6,8687500000000004;57,5000000000000000;35,7000000000000;2023-04-01
2023;5;6,5294354838709676;9,8709677419354840;10,5000000000000;2023-05-01
2023;6;16,5166666666666657;0,0000000000000000;21,4000000000000;2023-06-01
